key	en	vi	cs
day_friday_name	Friday	Thứ sáu	Pátek
day_friday_shortcut	Fri	T6	Pá
day_monday_name	Monday	Thứ hai	Pondělí
day_monday_shortcut	Mon	T2	Po
day_saturday_name	Saturday	Thứ bảy	Sobota
day_saturday_shortcut	Sat	T7	So
day_sunday_name	Sunday	Chủ nhật	Neděle
day_sunday_shortcut	Sun	CN	Ne
day_thursday_name	Thursday	Thứ năm	Čtvrtek
day_thursday_shortcut	Thu	T5	Čt
day_tuesday_name	Tuesday	Thứ ba	Úterý
day_tuesday_shortcut	Tue	T3	Út
day_wednesday_name	Wednesday	Thứ tư	Středa
day_wednesday_shortcut	Wed	T4	St
days_of_week	name;shortcut,Sunday;Sun,Monday;Mon,Tuesday;Tue,Wednesday;Wed,Thursday;Thu,Friday;Fri,Saturday;Sat	name;shortcut,Chủ nhật;CN,Thứ hai;T2,Thứ ba;T3,Thứ tư;T4,Thứ năm;T5,Thứ sáu;T6,Thứ bảy;T7	name;shortcut,Neděle;Ne,Pondělí;Po,Úterý;Út,Středa;St,Čtvrtek;Čt,Pátek;Pá,Sobota;So
misc_about_us	About	Thông tin	O nás
misc_accomodation	accomodation	chỗ ở	ubytování
misc_account_number	Account number	Số tài khoản	Číslo účtu
misc_active	active	trực tiếp	aktivní
misc_actual_shift_amount	Actual shift amount	Số ca thực tế	Současný počet směn
misc_actual_working_time	actual working time	thời gian làm việc thực tế	aktuální pracovní doba
misc_actual_workplace	actual workplace	nơi việc hiện tại	aktuální pracoviště
misc_add	Add	Tạo	Přidat
misc_add_faq	Add faq	Thêm FAQ	Přidat FAQ
misc_add_manually	add manually	thêm thủ công	ručně přidat
misc_add_new_bill	Add new bill	Tạo hoá đơn mới	Přidat novou fakturu
misc_add_new_form	Add new form	Tạo đơn mới	Přidat nový formulář
misc_add_new_merchant	Add new merchant	Tạo nhà bán buôn mới	Přidat nový obchodník
misc_add_payment_terminal	Add payment terminal	Tạo máy trả thẻ	Přidat platební terminál
misc_add_reference	add reference	tạo kết nối	vytvořit odkaz
misc_add_shift	add shift	thêm ca	přidat směnu
misc_add_store	Add store	Thêm cửa hàng	Přidat provozovnu
misc_add_url	add URL	thêm URL	přidat URL
misc_add_workplace	add workplace	thêm nơi làm việc mới	přidat nové pracoviště
misc_addition_mail_sent	email addition sent	đã gửi email thêm chi tiết	email s dodatekem odeslán
misc_address	Address	Địa chỉ	Adresa
misc_address_instruction_1	You will need to get the coordinates of the workplace in 2 ways	Bạn cần lấy toạ độ của nơi làm việc theo 2 cách	Musíte získat souřadnice pracoviště 2 způsoby
misc_aggregation	Aggregation	Tổng hợp	Agregace
misc_align_camera_to_qr_code	align camera to QR code	di chuyển camera đến mã QR	zaměřte kameru na QR kód
misc_all	all	tất cả	všechny
misc_allow_camera_permission_to_do_registration	allow camera access to scan registration QR Code	hãy cho phép truy cập camera để scan mã QR đăng ký	povolte přístup ke kameře pro skenování registračního QR kódu
misc_allowed_overtime	Allowed overtime	Thời gian làm thêm được phép	Povolený přesčas
misc_allowed_overtime_desc	Max allowed time for early check in or late check outside of working hours.	Tối đa thời gian cho phép để check in sớm hoặc check out muộn ngoài giờ làm việc.	Maximální povolený čas pro brzké přihlášení nebo pozdní odhlášení mimo pracovní dobu.
misc_allowed_radius	allowed radius	bán kính cho phép	povolený poloměr
misc_amount	Amount	Số lượng	Počet
misc_amount_records	Records amount	Số lượng đơn	Počet záznamů
misc_answer	answer	câu trả lời	odpověď
misc_api_documentation	API Documentation	API Documentation	API Dokumentace
misc_app_id	App ID	ID ứng dụng	ID aplikace
misc_app_id_copied	App ID has been copied	đã sao chép ID của ứng dụng	kopírováno ID aplikace
misc_apply	apply	áp dụng	použít
misc_apply_for_all_days	apply for all days	áp dụng cho tất cả các ngày	použít pro všechny dny
misc_approved	approved	đã duyệt	schváleno
misc_assigned	assigned	đã giao	přiděleno
misc_at_row	at row	ở hàng	u řádku
misc_attendance	attendance	điểm danh	docházka
misc_attendance_failed	attendance failed	điểm danh thất bại	docházka neúspěšná
misc_attendance_success	attendance success	điểm danh thành công	docházka úspěšná
misc_attendances	attendances	điểm danh	docházky
misc_authenticate	authenticate	xác thực bảo mật	autentizace
misc_authenticate_to_continue	Authenticate to continue	Xác thực để tiếp tục	Pokračujte v autentizaci
misc_auto_logout_in	auto logout in	tự động đăng xuất trong	automatické odhlášení za
misc_available	is available	có sẵn	dostupný
misc_average	average	trung bình	průměr
misc_back	back	quay lại	zpět
misc_back_side	back side	phía sau	zadní strana
misc_back_to_app	Back to App	Quay lại App	Zpět do Aplikace
misc_bank	bank	ngân hàng	banka
misc_bank_account	bank account	STK ngân hàng	bankovní účet
misc_bank_accounts	bank accounts	STK ngân hàng	bankovní účty
misc_bank_number	Bank number	Số ngân hàng	Číslo banky
misc_bank_updated	bank updated	đã cập nhập ngân hàng	banka aktualizována
misc_bill	bill	hoá đơn	faktura
misc_bill_added	bill added	đã tạo hoá đơn	faktura přidána
misc_bill_confirmed	bill confirmed	hoá đơn đã xác nhận	faktura potvrzena
misc_bill_deleted	bill deleted	hoá đơn đã xoá	faktura smazána
misc_bill_number	bill number	số hoá đơn	číslo faktury
misc_bill_sent	bill sent	hoá đơn đã gửi	faktura odeslána
misc_bill_updated	bill updated	đã cập nhập hoá đơn	faktura aktualizována
misc_billing_information	billing information	thông tin thanh toán	fakturační údaje
misc_billing_time	money transfer time	thời gian chuyển khoản	doba převodu peněz
misc_bills	bills	hoá đơn	faktury
misc_birth_number	birth number	số sinh	rodné číslo
misc_bluetooth_permission_required	Bluetooth permission required to scan for local attendance devices	cần quyền sử dụng Bluetooth để quét thiết bị điểm danh	musíte povolit použití Bluetooth pro skenování lokální zařízení docházky
misc_break	break time	thời gian nghỉ	přestávka
misc_break_ending_soon_for	Break ending soon for	Thời gian nghỉ sắp kết thúc cho	Přestávka brzy končí pro
misc_break_not_available	Break not available	Không có đơn nghỉ	žádná přestávka
misc_break_overdue	breaks overdue	tạm nghỉ quá hạn	přerušení překročeno
misc_break_submission_failed	break submission failed	gửi\ đơn nghỉ thất bại	žádost o přestávku selhala
misc_break_submitted	break submitted	đã gửi đơn nghỉ	žádost o přestávku odeslána
misc_breakfast	Breakfast	Bữa sáng	Snídaně
misc_breaks	breaks time	thời gian nghỉ	přestávky
misc_bubble_tea	bubble tea	trà sữa	mléčný čaj
misc_by_partners	by partners	theo đối tác	podle partnera
misc_by_provider	by provider	theo nhà phát hành	podle zprostředkovatele
misc_by_status	by status	theo trạng thái	podle statusu
misc_cafe	café	quán nước	kavárna
misc_camera_to_do_registration	use camera to scan registration QR Code	dùng camera để scan mã QR đăng ký	používejte kameru pro skenování registračního QR kódu
misc_cancel	Cancel	Huỷ	Zrušit
misc_cancel_device_pairing	cancel device pairing	hủy ghép nối thiết bị	zrušit párování zařízení
misc_cancel_pairing_succeed	cancel pairing succeed	hủy ghép nối thành công	zrušení párování úspěšně
misc_cannot_revert_action	you cannot revert this action	bạn không thể hoàn trả thao tác này	nemůžete vrátit tuto akci
misc_changes	changes	thay đổi	změny
misc_check	check	kiểm tra	kontrola
misc_check_fields	Check filled fields	Kiểm tra ô đã điền	Zkontrolujte vyplněné údaje!
misc_check_in	check-in	check-in	příchod
misc_check_in_time	checked in at	đã check in lúc	byl přítomen v
misc_check_merchants	check merchants	kiểm tra nhà bán buôn	kontrola obchodníků
misc_check_out	check-out	check-out	odchod
misc_check_out_time	checked out at	đã check out lúc	odcházen v
misc_check_signed_documents	check signed documents	kiểm tra đơn đã ký	kontrola podepsaných dokumentů
misc_check_unsigned_documents	check unsigned documents	kiểm tra đơn chưa ký	kontrola nepodepsaných dokumentů
misc_checked_in	checked in	đã check-in	provedl příchod
misc_checked_in_late	checked in late	đã check-in trễ	zavedení příchodu pozdě
misc_checked_in_late_by_employee	checked in late by employee	đã check-in trễ bởi nhân viên	zavedení příchodu pozdě podle zaměstnance
misc_checked_in_on_time	checked in on time	check in đúng giờ	příchod včas
misc_checked_out	checked out	đã check-out	odchod zaveden
misc_checked_out_early	checked out early	đã check-out sớm	odchod zaveden brzo
misc_checked_out_early_by_employee	checked out early by employee	đã check-out sớm bởi nhân viên	odchod zaveden brzo podle zaměstnance
misc_checked_out_on_time	checked out on time	check out đúng giờ	odchod včas
misc_choose_user	choose user	chọn người dùng	vybrat uživatele
misc_chosen_store	chosen store	cửa hàng đã chọn	vybraná provozovna
misc_city	City	Thành phố	Město
misc_clear_signature	clear signature	xoá chữ ký	smazat podpis
misc_click_to_sign	Click to Sign	Bấm để ký	Klikněte pro podpis
misc_close	Close	Đóng	Zavřít
misc_closed	closed	đã đóng	zavřeno
misc_commercial_activity	commercial activity	hoạt động thương mại	obchodní činnost
misc_companies	Company	Công ty	Firmy
misc_company	Company	Công ty	Firma
misc_comparison_actual_expected	comparison actual expected	so sánh thực tế và mong muốn	porovnání skutečného a očekávaného
misc_confirm	Confirm	Xác nhận	Potvrdit
misc_confirm_cancel_device_pairing	Confirm cancel device pairing	Xác nhận hủy kết nối thiết bị	Potvrdit zrušení párování zařízení
misc_confirm_check_in	confirm check in	xác nhận check in	potvrdit příchod
misc_confirm_check_out	confirm check out	xác nhận check out	potvrdit odchod
misc_confirm_date	confirmation date	ngày xác nhận	den potvrzení
misc_confirm_delete	confirm delete	xác nhận xoá	potvrdit smazání
misc_confirm_password	Confirm password	Xác nhận mật khẩu	Ověření hesla
misc_confirmed	confirmed	đã xác nhận	potvrzeno
misc_confirmed_by_customer	Confirmed by customer	Được khách xác nhận	Potvrzeno zákazníkem
misc_contact	Contacts	Liên hệ	Kontakty
misc_contract_option	contract option	tuỳ chọn hợp đồng	vybrat možnost smlouvy
misc_copied	copied	đã sao chép	kopírováno
misc_copied_to_clipboard	copied to Clipboard	đã sao chép vào bộ nhớ	kopírováno do schránky
misc_copy_from_merchant	Copy from basement	Sao chép từ công ty	Kopírovat z sídla
misc_country	Country	Quốc gia	Stát
misc_create	create	tạo	založit
misc_create_company	create a company	tạo công ty	vytvořit společnost
misc_create_employee	create a employee	tạo nhân viên mới	vytvořit nový zaměstnanec
misc_create_user	create new user	tạo người dùng mới	založit nový uživatel
misc_created	created	tạo	založeno
misc_created_bills	Created bills	Hoá đơn được tạo	Vytvořené faktury
misc_created_date	Created day	Ngày tạo	Den založení
misc_creator	Creator	Người tạo	Tvůrce
misc_creator_email	Creator's e-mail	E-mail người tạo	E-mail tvůrce
misc_currency	Currency	Tiền tệ	Měna
misc_dashboard	Dashboard	Dashboard	Dashboard
misc_date	Date	Ngày	Datum
misc_day	Day	Ngày	Den
misc_ddc_reward	DDC reward	thưởng DDC	odměna DDC
misc_decided	Decided	Quyết định	Rozhodnuto
misc_decided_date	Decided day	Ngày quyết định	Den rozhodnutí
misc_default	default	mặc định	výchozí
misc_delayed	delayed	muộn	zpožděno
misc_delete	delete	xoá	smazat
misc_delete_draft	delete draft	xoá nháp	smazat koncept
misc_delete_form	Delete form	Xoá đơn	Smazat formulář
misc_delete_store	Delete store	Xoá cửa hàng	Smazat provozovnu
misc_deleted	deleted	đã xoá	smazáno
misc_deleted_draft	deleted draft	đã xoá nháp	koncept smazán
misc_delimiter	delimiter	phân cách	oddělovač
misc_details	details	chi tiết	podrobnosti
misc_device	Device	Máy	Zařízení
misc_device_id	device ID	ID thiết bị	ID zařízení
misc_device_paired	device paired	thiết bị đã ghép nối	zařízení spárováno
misc_device_pairing	device pairing	ghép nối thiết bị	spárování zařízení
misc_device_pairing_failed	Device pairing failed	Ghép nối thiết bị thất bại	Párování zařízení selhalo
misc_device_registration	Device registration	Đăng ký thiết bị	Registrace zařízení
misc_devices	Devices	Máy	Zařízení
misc_dinner	Dinner	Bữa tối	Večeře
misc_disable	disable	tắt	zakázat
misc_distance	distance	khoảng cách	vzdálenost
misc_distance_left	distance left	khoảng cách còn lại	zbývající vzdálenost
misc_do_not_forget_check_out_before	Do not forget to check out before	Đừng quên check out trước	Nezapomeňte odhlásit před
misc_do_not_forget_finish_before	Do not forget to finish before	Đừng quên kết thúc trước	Nezapomeňte dokončit před
misc_do_not_forget_finish_it	Do not forget to finish it	Đừng quên kết thúc nó	Nezapomeňte to dokončit
misc_do_not_forget_finish_it_before_shift_end	Do not forget to finish it before shift end	Đừng quên kết thúc trước khi ca làm việc kết thúc	nezapomeňte to dokončit před koncem směny
misc_documents	documents	tài liệu	dokumenty
misc_domain	domain	tên miền	doména
misc_download	download	tải về	stáhnout
misc_download_csv	Download CSV	Tải CSV	Stáhnout CSV
misc_draft_saved	draft saved	đã lưu nháp	koncept uložen
misc_duplicate	duplicate	trùng lặp	duplikát
misc_duration	Duration	Thời lượng	Doba trvání
misc_earliest_check_in_time	Earliest check-in time	Thời gian check-in sớm nhất	Nejbližší možný čas přihlášení
misc_early	early	sớm	dříve
misc_edit	Edit	Chỉnh sửa	Editace
misc_edit_form	Edit form	Sửa đơn	Úprava formuláře
misc_edit_user	Edit user	Sửa nhân viên	Upravit uživatele
misc_email	E-mail	E-mail	E-mail
misc_emails	E-mails	E-mail	E-maily
misc_employee	employee	nhân viên	zaměstnanec
misc_employees	employees	nhân viên	zaměstnanci
misc_enable	enable	bật	povolit
misc_enable_in_settings	enable in settings	bật trong cài đặt	povolit v nastavení
misc_enable_notification_to_receive_shift_reminders	enable notification to receive shift reminders	bật thông báo để nhận nhắc nhở ca làm việc	povolte oznámení pro připomenutí směny
misc_enable_notifications	enable notifications	bật thông báo	povolit oznámení
misc_end_time	end time	thời gian kết thúc	čas ukončení
misc_enter_token	Enter token	Nhập mã	Nastavit token
misc_enter_url	Enter URL	Nhập URL	Nastavit URL
misc_error	error	lỗi	chyba
misc_estimated_revenue	Estimated revenue	Doanh số dự kiến	Předpokládaná tržba
misc_example	example	ví dụ	příklad
misc_examples	examples	ví dụ	příklady
misc_exceeded_time	exceeded time	vượt quá thời gian	překročen čas
misc_expected	expected	mong muốn	očekávaný
misc_expected_end_time	Expected end time	Thời gian kết thúc dự kiến	Předpokládaný čas ukončení
misc_expected_shift_amount	Expected shift amount	Số ca dự kiến	Předpokládaný počet směn
misc_expected_working_time	expected working time	thời gian làm việc dự kiến	požadovaná pracovní doba
misc_expiration_date	expiration date	ngày hết hạn	den expirace
misc_export	export	export	exportovat
misc_export_csv	export csv	xuất dữ liệu CSV	exportovat CSV
misc_exposure_date	exposure date	ngày hiệu lực	den vystavení
misc_extend	extend	gia hạn	prodloužit
misc_extend_pos	extend POS	mở rộng POS	rozšířit POS
misc_extend_store	extend store	mở rộng cửa hàng	rozšířit provozovnu
misc_extra	extra	thêm	navíc
misc_false	false	không đúng	špatně
misc_faq_added	FAQ added	FAQ đã tạo	FAQ přidáno
misc_faq_deleted	FAQ deleted	FAQ đã xoá	FAQ smazáno
misc_faq_updated	FAQ updated	FAQ đã cập nhập	FAQ aktualizováno
misc_faqs	frequently asked questions	các câu hỏi thường gặp	často kladené otázky
misc_fetch_ares	Fetch from ARES	Tải từ ARES	Načíst z ARES
misc_fetch_coordinates	fetch coordinates	lấy toạ độ	získat souřadnice
misc_fetched_successfully	fetched successfully	lấy dữ liệu thành công	získání dat úspěšné
misc_field	Field	Các trường	Pole
misc_fields	Field	Các trường	Pole
misc_fill_pdf	Fill PDF	Điền PDF	Vyplnit PDF
misc_filling_in_the_address_fields	by filling in the address fields	bằng cách điền vào các trường địa chỉ	vyplněním polí adresy
misc_filter	Filter	Lọc	Filtr
misc_finish	finish	hoàn tất	ukončit
misc_finish_pause	finish pause	kết thúc tạm dừng	ukončit přerušení
misc_finished	Finished	Xong	Dokončeno
misc_first_name	first name	tên	jméno
misc_forgotten_password	Forgot password	Quên mật khẩu	Zapomenuté heslo
misc_form	Form	Đơn	Formulář
misc_form_addition	addition for form	chi tiết cho mẫu đơn	dodatek k formuláři
misc_form_contact	form contact	thông tin liên hệ của đơn	kontakty formuláře
misc_form_deleted	Form deleted	Đơn đã xoá	Formulář smazán
misc_form_not_linked	form not linked	đơn không kết nối	formulář není odkazován
misc_form_reference_added	Form reference added	đã tạo tham chiếu đơn	Reference formuláře přidána
misc_forms	Forms	Đơn	Formuláře
misc_forms_exist	forms exist	đơn tồn tại	formuláře existují
misc_front_side	front side	phía trước	přední strana
misc_full_name	Surname and first name	Họ và tên	Jméno a příjmení
misc_general	General	Chung	Obecné
misc_generate_documents	generate documents	tạo tài liệu	generovat dokumenty
misc_generate_keys	Generate keys	Tạo khoá	Generování klíčů
misc_generate_pdf	Generate PDF	Tạo PDF	Generovat PDF
misc_generate_token	generate token	tạo token	generovat token
misc_generate_token_and_send	generate token and send	tạo token và gửi	generovat token a odeslat
misc_generic_breaks	Generic breaks	Thời gian nghỉ chung	Obecné přestávky
misc_get_current_location	get current location	lấy vị trí hiện tại	získat aktuální polohu
misc_get_pdf	get PDF	tải PDF	stáhnout PDF
misc_getting_location	Getting location	Đang lấy vị trí	Získávání lokace
misc_getting_location_failed	Getting location failed	Không thể lấy vị trí	nelze získat lokaci
misc_grant_bluetooth_permission	grant Bluetooth permission	cho phép quyền Bluetooth	udělit povolení k použití Bluetooth
misc_grant_location_permission	grant location permission	cấp quyền truy cập vị trí	udělit povolení k použití polohy
misc_grant_permission	grant permission	cho phép quyền	udělit povolení
misc_has_active_terminal	Has active terminal	Có máy đang hoạt động	Má aktivní terminál
misc_has_registered_device	has registered device	đã đăng ký thiết bị	má registrované zařízení
misc_hidden	hidden	ẩn	skryto
misc_history_instructions	history instructions	hướng dẫn lịch sử	instrukce historie
misc_history_instructions_1	You can check your attendance history.	Bạn có thể kiểm tra lịch sử điểm danh của mình.	Můžete zkontrolovat historii docházky.
misc_history_instructions_2	choose the workplace between the tabs.	Chọn nơi làm việc giữa các tab.	Vyberte pracoviště mezi kartami.
misc_home_page	home page	trang chính	domovská stránka
misc_home_page_instructions	home page instructions	hướng dẫn trang chính	instrukce domovské stránky
misc_home_page_instructions_1	after registration, your employer will assign you shifts to the workplace.	đăng ký xong, nhà tuyển dụng sẽ giao ca làm việc cho bạn.	Po registraci vám zaměstnavatel přidělí směny na pracovišti.
misc_home_page_instructions_2	When is the time to check in, you will have to choose the shift and provide check in.	Đến giờ check in, bạn sẽ chọn ca làm việc và check in.	Až nastane čas přihlášení, budete muset vybrat směnu a přihlásit se.
misc_home_page_instructions_3	You must have the location permission to check in.	Bạn cần có quyền truy cập vị trí để check in.	Musíte mít povolení k přístupu k poloze, abyste se mohli přihlásit.
misc_home_page_instructions_4	Sometimes, you will be required to have bluetooth enabled to verify your location with specific device.	Đôi khi, bạn sẽ cần bật bluetooth để xác minh vị trí của mình với thiết bị cụ thể.	Někdy budete muset mít povolený Bluetooth, abyste ověřili svou polohu s konkrétním zařízením.
misc_home_page_instructions_5	during the shift, you can take breaks generated by the employer.	trong ca làm việc, bạn có thể nghỉ theo thời gian do nhà tuyển dụng quy định.	během směny můžete mít přestávky generované zaměstnavatelem.
misc_home_page_instructions_6	however for emergency, you can take a pause by yourself.	tuy nhiên trong trường hợp khẩn cấp, bạn có thể tự nghỉ.	ale v případě nouze můžete přestávku udělat sami.
misc_home_page_instructions_7	you can only have one break at a time.	bạn chỉ có thể nghỉ một lần.	můžete mít pouze jednu přestávku najednou.
misc_home_page_instructions_8	after the shift, you will have to check out.	sau ca làm việc, bạn sẽ phải check out.	Po směně se musíte odhlásit.
misc_home_page_instructions_9	be careful that you will not able to check out if you exceeded the allowed time.	hãy cẩn thận rằng bạn không thể check out nếu vượt quá thời gian cho phép.	buďte opatrní, že se nebudete moci odhlásit, pokud překročíte povolený čas.
misc_hour	hour	giờ	hodina
misc_hour_short	h.	giờ	hod.
misc_hours	hours	giờ	hodiny
misc_id_document	identity document	thẻ căn cước	osobní doklad
misc_import	import	import	import
misc_import_leads	import leads	tải lên leads	nahrát leady
misc_imported	imported	đã import	importováno
misc_imported_list	imported list	danh sách nhập	importovaný seznam
misc_info	information	thông tin	informace
misc_initial_instruction_1	You will need to register this device through your employer using QR Code or manually.	Bạn cần đăng ký thiết bị này thông qua nhà tuyển dụng bằng mã QR hoặc thủ công.	Budete muset zaregistrovat toto zařízení prostřednictvím svého zaměstnavatele pomocí QR kódu nebo ručně.
misc_initial_instruction_2	Please scan the QR code received from the employer.	Vui lòng quét mã QR nhận được từ nhà tuyển dụng.	Prosím, naskenujte QR kód přijatý od zaměstnavatele.
misc_initial_instruction_3	If you failed to scan the QR code, you can enter the server url of the provider.	Trong trường hợp không quét được mã QR, bạn có thể nhập URL máy chủ của nhà phát hành.	Pokud se vám nepodaří naskenovat QR kód, můžete zadat adresu serveru poskytovatele.
misc_initial_instruction_4	You can add many workplaces by following the same process.	Bạn có thể thêm nhiều nơi làm việc bằng cách làm theo quy trình tương tự.	Můžete přidat více pracovišť podle stejného procesu.
misc_initial_instructions	initial instructions	hướng dẫn ban đầu	úvodní instrukce
misc_installation_fee	installation fees	phí lắp đặt	poplatky za instalace
misc_installed	installed	đã lắp	instalováno
misc_instructions	Instructions	Hướng dẫn	Instrukce
misc_is_available	is available	có sẵn	dostupný
misc_issued	issued	cấp bởi	vystavil
misc_issued_bills	issued bills	hoá đơn đã cấp	vystavené faktury
misc_issuer	issuer	nhà phát hành	vystavitel
misc_item	item	mục	položka
misc_items	items	mục	položky
misc_key	key	chìa khoá	klíč
misc_language	Language	Ngôn ngữ	Jazyk
misc_last_name	last name	họ	příjmení
misc_last_update	last update	cập nhập lần cuối	poslední aktualizace
misc_late	late	trễ	pozdě
misc_latest_check_out_time	Latest check-out time	Thời gian check-out muộn nhất	Nejpozdější čas odhlášení
misc_latitude	latitude	vĩ độ	zeměpisná šířka
misc_leads	leads	leads	leads
misc_load_transactions	load transactions	tải giao dịch	načíst transakce
misc_loaded	loaded	đã tải	načteno
misc_loading_data	loading data	đang tải dữ liệu	data se načítá
misc_local_devices	local devices	thiết bị cục bộ	Lokální zařízení
misc_location_not_found	location not found	không tìm thấy vị trí	poloha nenalezena
misc_location_permission_required	location permission required	cần quyền sử dụng vị trí	požadováno povolení k použití polohy
misc_login	Login	Đăng nhập	Přihlášení
misc_longitude	longitude	kinh độ	zeměpisná délka
misc_lunch	Lunch	Bữa trưa	Oběd
misc_managed_by	merchant managed by	được quản lý bởi	pod kontrolou
misc_manager	Manager	Quản lý	Manažer
misc_maturity_period	Maturity period	Thời hạn đáo hạn	Doba splatnosti
misc_max_duration	max duration	thời gian tối đa	maximální doba trvání
misc_max_local_devices	max local devices	thiết bị cục bộ tối đa	Maximální lokální zařízení
misc_merchant	merchant	nhà bán buôn	obchodník
misc_merchant_email	merchant e-mail	e-mail nhà bán buôn	e-mail obchodníka
misc_merchant_exists	merchant exists	nhà bán buôn đã tồn tại	obchodník již existuje
misc_merchant_not_exist	merchant not exists	nhà bán buôn không tồn tại	obchodník neexistuje
misc_merchant_telephone	merchant telephone	số điện thoại nhà bán buôn	telefonní číslo obchodníka
misc_merchants	merchants	nhà bán buôn	obchodníci
misc_message	message	thông báo	zpráva
misc_method	Method	Phương thức	Metoda
misc_min	minute	phút	minut
misc_min_short	min.	phút	min.
misc_mins	minutes	phút	minuty
misc_minutes	Minutes	Phút	Minuty
misc_missing	missing	thiếu	chybí
misc_missing_check_in	Missing check in	Thiếu check in	Chybí příchod
misc_missing_check_out	Missing check out	Thiếu check out	Chybí odchod
misc_model	model	model	model
misc_modified	modifed	đã thay đổi	modifikováno
misc_month	month	tháng	měsíc
misc_month_april	april	tháng 4	duben
misc_month_april_short	apr	t4	dub
misc_month_august	august	tháng 8	srpen
misc_month_august_short	aug	t8	srp
misc_month_december	december	tháng 12	prosinec
misc_month_december_short	dec	t12	pro
misc_month_february	february	tháng 2	únor
misc_month_february_short	feb	t2	únor
misc_month_january	january	tháng 1	leden
misc_month_january_short	jan	t1	led
misc_month_july	july	tháng 7	červenec
misc_month_july_short	jul	t7	čvrnec
misc_month_june	june	tháng 6	červen
misc_month_june_short	jun	t6	čvrn
misc_month_march	march	tháng 3	březen
misc_month_march_short	mar	t3	břez
misc_month_may	may	tháng 5	květen
misc_month_may_short	may	t5	květ
misc_month_november	november	tháng 11	listopad
misc_month_november_short	nov	t11	lis
misc_month_october	october	tháng 10	říjen
misc_month_october_short	oct	t10	říj
misc_month_september	september	tháng 9	září
misc_month_september_short	sep	t9	zář
misc_move_from	move from	chuyển từ	odkazován od
misc_move_status_to	move status to	chuyển trạng thái thành	přepnout do statusu
misc_move_to	move to	chuyển đến	odkazován na
misc_must_be_registered_by_employer	you must be registered by employer	bạn phải được đăng ký bởi nhà tuyển dụng	musíte být registrován(a) zaměstnavatelem
misc_must_have_attendance	must have attendance	phải có điểm danh	musíte zahájit docházku
misc_my_profile	my profile	thông tin cá nhân	osobní profil
misc_my_today_workplaces	my today working places	nơi làm việc hôm nay của tôi	moje dnešní pracoviště
misc_my_working_hours	my working hours	thời gian làm việc của tôi	moje pracovní doba
misc_name	Name	Tên	Název
misc_nearby_workplaces	nearby workplaces	chỗ làm gần đây	blízká pracoviště
misc_need_camera_permission_to_scan	we need camera permission to scan	chúng tôi cần quyền truy cập camera để scan	potřebujeme povolení k použití kamery pro skenování
misc_new	new	mới	nový
misc_new_bill	new bill	hoá đơn mới	nová faktura
misc_new_company	new company	công ty mới	Nová společnost
misc_new_contract	new contract	hợp đồng mới	nová smlouva
misc_new_employee	new employee	nhân viên mới	nový zaměstnanec
misc_new_faq	New FAQ	FAQ mới	Nové FAQ
misc_new_form	new form	đơn mới	nový formulář
misc_new_merchant	New Merchant	Nhà bán buôn mới	Nový obchodník
misc_new_password	New password	Mật khẩu mới	Nové heslo
misc_new_payment_terminal	New payment terminal	Máy trả thẻ mới	Nový platební terminál
misc_new_store	new store	cửa hàng mới	nová provozovna
misc_new_user	new user	người dùng mới	nový uživatel
misc_next_month	next month	tháng sau	další měsíc
misc_no	no	không	ne
misc_no_attendance	no attendance	không có dữ liệu điểm danh	není žádná docházka
misc_no_breaks	No breaks	Không có giờ nghỉ	žádné přestávky
misc_no_columns	no columns	không có cột	nejsou žádné sloupce
misc_no_company	no company	không có công ty	není žádná společnost
misc_no_document	no document	không có tài liệu	žádný dokument
misc_no_document_uploaded	no document uploaded	không có tài liệu nào được tải lên	žádný dokument nebyl nahrán
misc_no_local_device	no local devices	không có thiết bị cục bộ	není žádné lokální zařízení
misc_no_nearby_workplace	no nearby workplace found	không có chỗ làm việc gần đây	není nalezeno žádné blízké pracoviště
misc_no_pauses	No pauses	Không có thời gian nghỉ	žádné přerušení
misc_no_shifts	no shifts	không có ca làm việc	žádné směny
misc_no_store	No store	Không có cửa hàng	Žádná provozovna
misc_no_terminal	no terminals	không có máy	žádný terminál
misc_no_terminal_model	mo specific terminal model	không có model máy chính xác	není specifický model terminálu
misc_no_transaction	No transactions	Không có giao dịch	Žádná transakce
misc_no_transactions	no transaction	không có giao dịch	žádná transakce
misc_no_workplace	no workplace	không có nơi làm việc	žádné pracoviště
misc_non_taxpayer	non taxpayer	người không trả thuế	neplátce DPH
misc_not_checked_in	Not checked in	Chưa check in	Příchod nezadáno
misc_not_checked_out	Not checked out	Chưa check out	Odchod nezadáno
misc_not_included	not included	không được bao gồm	nezahrnuto
misc_not_provided_check_in	Not provided check in	Không có check in	není poskytnuto přihlášení
misc_not_provided_check_out	Not provided check out	Không có check out	není poskytnuto odhlášení
misc_not_started	not started	chưa bắt đầu	nezačalo
misc_notes	Notes	Ghi chú	Poznámky
misc_notification	Notification	Thông báo	Notifikace
misc_opening	opening	đang mở	otevřeno
misc_opening_soon	opening soon	sắp mở cửa	brzy otevřeno
misc_operations	Operations	Tác vụ	Operace
misc_other	other	khác	jiné
misc_others	others	khác	jiné
misc_out_of_hours	out of Hours	đã qua giờ làm việc	mimo pracovní dobu
misc_outside_time	outside time	ngoài thời gian	mimo čas
misc_over_night	Overnight	Qua đêm	Přes noc
misc_partner	partner	đối tác	partner
misc_partner_of	partner of	đối tác của	partnerem od
misc_partners	partners	đối tác	partneři
misc_password	Password	Mật khẩu	Heslo
misc_pause_not_found	pause not found	không tìm thấy tạm dừng ca	nenalezeno přerušení směny
misc_pause_shift	pause shift	tạm dừng ca làm việc	pozastavit směnu
misc_pauses	Pauses	Thời tạm ngưng	Čas přerušení
misc_payment	Payment	Thanh toán	Platba
misc_payment_method	payment method	phương thức thanh toán	platební metoda
misc_payment_terminal	payment terminal	máy trả thẻ	platební terminál
misc_payment_terminal_added	Payment terminal added	Máy trả thẻ đã tạo	Platební terminál přidán
misc_payment_terminal_deleted	Payment terminal deleted	Máy trả thẻ đã xoá	Platební terminál smazán
misc_payment_terminal_updated	Payment terminal updated	Máy trả thẻ đã cập nhập	Platební terminál aktualizován
misc_payment_terminals	payment terminals	máy trả thẻ	platební terminály
misc_pending	pending	chờ xử lý	čeká na vyřízení
misc_pending_pause	pending pause	tạm dừng ca đang chạy	probíhající přerušení směny
misc_permission_denied	permission denied	quyền truy cập bị từ chối	přístup odepřen
misc_photo	photo	ảnh	fotka
misc_pick_up_delivery_package	pick up delivery package	lấy gói hàng nhận được	vyzvednout balíček od kurýra
misc_plan	plan	gói	plán
misc_plans	plans	gói	plány
misc_please_reload_page	Please reload the page	Hãy tải lại trang	Obnovte stránku
misc_portal	Portal	Portal	Portál
misc_position	position	vị trí	pozice
misc_postal_code	Postal code	Mã bưu điện	PSČ
misc_prev_month	previous month	tháng trước	minulý měsíc
misc_previous_month	previous month	tháng trước	minulý měsíc
misc_price	price	giá	cena
misc_private_key	Private key	Khóa riêng	Soukromý klíč
misc_product_description	Product description	Mô tả sản phẩm	Popis produktu
misc_profile	Profile	Profile	Profil
misc_provider	Provider	Nhà phát hành	Zprostředkovatel
misc_provision	provision	phí hoa hồng	provize
misc_provision_april	Provision April	Hoa hồng Tháng 4	Provize Duben
misc_provision_august	Provision August	Hoa hồng Tháng 8	Provize Srpen
misc_provision_december	Provision December	Hoa hồng Tháng 12	Provize Prosinec
misc_provision_february	Provision February	Hoa hồng Tháng 2	Provize Únor
misc_provision_january	Provision January	Hoa hồng Tháng 1	Provize Leden
misc_provision_july	Provision July	Hoa hồng Tháng 7	Provize Červenec
misc_provision_june	Provision June	Hoa hồng Tháng 6	Provize Červen
misc_provision_march	Provision March	Hoa hồng Tháng 3	Provize Březen
misc_provision_may	Provision May	Hoa hồng Tháng 5	Provize Květen
misc_provision_november	Provision November	Hoa hồng Tháng 11	Provize Listopad
misc_provision_october	Provision October	Hoa hồng Tháng 10	Provize Říjen
misc_provision_rate	provision rate	tỷ lệ hoa hồng	sazba provize
misc_provision_september	Provision September	Hoa hồng Tháng 9	Provize Září
misc_public_key	Public key	Khóa công khai	Veřejný klíč
misc_purchaser	purchaser	người đăng ký	odběratel
misc_quantity	quantity	số lượng	množství
misc_quantity_shortcut	qty.	s.l.	poč.
misc_question	question	câu hỏi	otázka
misc_questions	questions	câu hỏi	otázky
misc_rate	rate	tỷ lệ	sazba
misc_real_approved	real approved	số lượng đã duyệt thực tế	reálný počet schválených
misc_real_installed	real installed	số lượng đã lắp thực tế	reálný počet instalovaných
misc_real_returned	real returned	số lượng trả lại thực tế	reálný počet vrácených
misc_real_submitted	real submitted	số lượng đã nhận thực tế	reálný počet zadaných
misc_reason	Reason	Lý do	Důvod
misc_reason_for_early_check_out	reason for early check out	lý do check out sớm	důvod pro brzké odhlášení
misc_reason_for_pause	reason for pause	lý do tạm dừng	důvod přerušení
misc_receiver	receiver	người nhận	příjemce
misc_recommended	recommended	khuyến khích	doporučeno
misc_reference	reference	kết nối	odkaz
misc_references	references	kết nối	odkazy
misc_refresh_location	refresh location	làm mới vị trí	obnovit polohu
misc_regenerate_token	regenerate token	tạo lại token	znovu generovat token
misc_regenerate_token_and_send	regenerate token and send	tạo lại token và gửi	znovu generovat token a odeslat
misc_register_instruction_1	In this section you can create or edit a workplace.	Trong phần này, bạn có thể tạo hoặc chỉnh sửa nơi làm việc.	V této sekci můžete vytvořit nebo upravit pracoviště.
misc_registration	Registration	Đăng ký	Registrace
misc_registration_instructions	Registration instructions	hướng dẫn đăng ký	instrukce registrace
misc_registration_instructions_1	the fastest way to register is by scanning the QR code.	Cách nhanh nhất để đăng ký là quét mã QR.	Nejrychlejší způsob registrace je skenování QR kódu.
misc_registration_instructions_2	You can also register manually by entering the server url and the token from your employer.	Một cách khác là đăng ký thủ công bằng cách nhập URL máy chủ và mã token từ nhà tuyển dụng.	Můžete se také zaregistrovat ručně zadáním adresy serveru a tokenu od svého zaměstnavatele.
misc_registration_instructions_3	after registration verified, you will be navigated to registration form, where you can fill in your personal information.	Sau khi xác minh đăng ký, bạn sẽ được chuyển đến mẫu đăng ký, nơi bạn có thể điền thông tin cá nhân của mình.	Po ověření registrace budete přesměrováni na registrační formulář, kde můžete vyplnit své osobní údaje.
misc_registration_instructions_4	after filling in the form, your device will be registered.	Sau khi điền vào mẫu, thiết bị của bạn sẽ được đăng ký.	Po vyplnění formuláře bude vaše zařízení registrováno.
misc_registration_successful	Registration successful	Đăng ký thành công	Potvrzení registrace
misc_registration_token	Registration token	mã đăng ký	registrační token
misc_remove	remove	xoá	odstranit
misc_remove_item	Remove item	Xoá mục	Odstranit položku
misc_renew_password	Renew password	Khôi phục mật khẩu	Obnova hesla
misc_required	Required	Cần thiết	Požadováno
misc_rescan	rescan	quét lại	znovu naskenovat
misc_resend_mail	resend email	gửi lại email	znovu poslat email
misc_responsible_person	responsible person	người chịu trách nhiệm	zodpovědná osoba
misc_restaurant	restaurant	nhà hàng	restaurace
misc_result	result	kết quả	výsledek
misc_results_2nd	results	kết quả	výsledků
misc_retail_edit	Edit retail	Chỉnh sửa doanh nghiệp	Správa podniku
misc_retail_store	retail store	cửa hàng bán lẻ	maloobchod
misc_retry	retry	thử lại	opakovat
misc_returned	returned	trả lại	vráceno
misc_returned_date	Returned date	Ngày trả lại	Den vrácení
misc_role	Role	Chức vụ	Role
misc_row	row	hàng	řádek
misc_rows_per_page	Rows per page	Hàng trên trang	Řádků na stránku
misc_running_break	Running break	Thời gian nghỉ hiện tại	Probíhající přestávka
misc_running_pause	Running pause	Thời gian tạm ngừng	Probíhající přerušení
misc_same_store	same store	cùng một cửa hàng	stejný obchod
misc_save	Save	Lưu	Uložit
misc_save_and_back	Save and back	Lưu và trở lại	Uložit a zpět
misc_save_and_send	Save and send	Lưu và gửi	Uložit a poslat
misc_save_changes_first	save changes first	lưu thay đổi trước	uložte nejprve změny
misc_save_draft	save draft	lưu nháp	uložit koncept
misc_save_merchant	save new merchant	lưu nhà bán buôn mới	uložit nového obchodníka
misc_save_shifts	save shifts	lưu ca làm việc	uložit směny
misc_save_signature	save signature	lưu chữ ký	uložit podpis
misc_save_transactions	save transactions	lưu giao dịch	uložit transakce
misc_save_workplaces	save workplaces	lưu nơi làm việc	Uložit pracoviště
misc_scanning_local_devices	scanning for local devices	đang quét thiết bị cục bộ	skenování lokálních zařízení
misc_searched	searched	tìm	vyhledávaný
misc_select_all	select all	chọn tất cả	vybrat vše
misc_selected	selected	đã chọn	vybráno
misc_send	send	gửi	odeslat
misc_send_addition_mail	send addition mail	gửi mail thêm chi tiết	poslat email pro doplnění
misc_send_mail	send e-mail	gửi e-mail	poslat e-mail
misc_send_upload_signed_mail	Send email to sign	Gửi email để ký	Poslat email pro podpis
misc_sent	sent	đã gửi	odesláno
misc_service	service	dịch vụ	služby
misc_settings	Settings	Cài đặt	Nastavení
misc_settings_instructions	settings instructions	hướng dẫn cài đặt	instrukce nastavení
misc_settings_instructions_1	add workplace domains here.	Thêm miền nơi làm việc ở đây.	Přidejte sem domény pracoviště.
misc_settings_instructions_2	You can change the language of the app.	Bạn có thể thay đổi ngôn ngữ của ứng dụng.	Můžete změnit jazyk aplikace.
misc_settings_instructions_3	You can change the theme of the app.	Bạn có thể thay đổi giao diện của ứng dụng.	Můžete změnit téma aplikace.
misc_settings_instructions_4	You can enable biometric authentication.	Bạn có thể bật xác thực sinh trắc học.	Můžete povolit biometrickou autentizaci.
misc_setup_urls	set up URLS	cài đặt URL	nastavit URL
misc_shift	Shift	Ca	Směna
misc_shift_details	Shift details	Chi tiết ca làm việc	Podrobnosti o směně
misc_shift_ending_soon_at	shift ending soon at	ca làm việc sắp kết thúc tại	směna končí brzy v
misc_shift_pause_successfully	shift pause successfully	tạm dừng ca thành công	přerušení směny úspěšné
misc_shift_time	Shift time	Giờ làm việc	Pracovní doba
misc_shifts	Shifts	Ca	Směny
misc_shortcut	shortcut	viết tắt	zkratka
misc_show	show	hiển thị	zobrazit
misc_show_on_website	show on website	hiển thị trên trang web	zobrazit na webovou stránku
misc_showed	showed	hiển thị	zobrazeno
misc_signed_documents	signed documents	tài liệu đã ký	podepsané dokumenty
misc_since_last_month	since last month	từ tháng trước	od minulého měsíce
misc_since_started	since started	kể từ khi bắt đầu	od začátku
misc_since_the_end	Since the end	Từ lúc kết thúc	Od konce
misc_software	Software	Phần mềm	Software
misc_software_name	Software name	Tên phần mềm	Název softwaru
misc_sort_by	Sort by	Xếp theo	Seřadit podle
misc_specific_breaks	Specific breaks	Thời gian nghỉ cụ thể	Specifické přestávky
misc_start_in	start in	bắt đầu sau	bude zahájeno za
misc_start_time	start time	thời gian bắt đầu	čas zahájení
misc_starts_in	starts in	bắt đầu sau	bude zahájeno za
misc_status	Status	Tình trạng	Stav
misc_status_updated	status updated	trạng thái đã được cập nhập	status aktualizován
misc_store	Store	Cửa hàng	Provozovna
misc_store_added	Store added	Cửa hàng đã được thêm	Provozovna přidána
misc_store_address	Store address	Địa chỉ cửa hàng	Adresa obchodu
misc_store_deleted	Store deleted	Cửa hàng đã được xoá	Provozovna odstraněna
misc_store_error	store error	lỗi cửa hàng	chyba obchodu
misc_store_name	Store name	Tên cửa hàng	Název provozovny
misc_store_updated	Store updated	Cửa hàng đã được cập nhập	Provozovna aktualizována
misc_stores	stores	cửa hàng	provozovny
misc_stores_list	Stores list	Danh sách cửa hàng	Seznam provozoven
misc_stores_shortcut	stores	cửa hàng	prov.
misc_street	Street	Đường	Ulice
misc_submit	Submit	Gửi	Odeslat
misc_submit_break	submit break	gửi đơn nghỉ	odeslat přestávku
misc_submitted	submitted	đã nhận	zadáno
misc_summary	summary	tổng kết	shrnutí
misc_supervisor	supervisor	cấp trên	vedoucí
misc_supervisor_email	Supervisor's e-mail	E-mail cấp trên	E-mail nadřízeného
misc_supplier	supplier	nhà cung cấp	dodavatel
misc_supported_extensions	supported extensions	loại tệp hỗ trợ	podporované typy souboru
misc_table_columns	table columns	cột bảng	sloupce tabulky
misc_take_document_photo	take ID documents photo	chụp ảnh thẻ căn cước	vyfotit ID dokumenty
misc_taxpayer	taxpayer	người trả thuế	plátce DPH
misc_technical_support	technical support	hỗ trợ kỹ thuật	technická podpora
misc_telephone	Telephone	Số điện thoại	Telefon
misc_telephones	Telephones	Số điện thoại	Telefony
misc_template	template	mẫu	šablona
misc_templates	templates	mẫu	šablony
misc_terminal_esim_desc	Fee 50 CZK per month	Phí 50 CZK mỗi tháng	Poplatek 50Kč měsíčně
misc_terminal_esim_name	eSIM terminal	Máy trả thẻ eSIM	eSIM terminál
misc_terminal_fee	terminal rental fees	phí thuê máy trả thẻ	poplatky za pronájem terminálu
misc_terminal_id	terminal ID	ID máy	ID terminálu
misc_terminal_lan_desc	Ethernet (LAN) connection	Kết nối mạng LAN (Ethernet)	Ethernet (LAN) připojení
misc_terminal_lan_name	Stationary terminal	Máy trả thẻ cố định	Stacionární terminál
misc_terminal_name	terminal name	tên máy trả thẻ	název terminálu
misc_terminal_rental	terminal rental	thuê máy	pronájem terminálu
misc_terminal_type	terminal type	loại máy trả thẻ	typ terminálu
misc_terminal_wifi_desc	Wifi connecttion	Kết nối Wifi	Wifi připojení
misc_terminal_wifi_name	Mobile terminal	Máy trả thẻ di động	Mobilní terminál
misc_test_mode	Test mode	Test mode	Testovací režim
misc_this_month	this month	tháng hiện tại	tento měsíc
misc_this_will_unpair_current_device	this will unpair current device	điều này sẽ hủy ghép nối thiết bị hiện tại	aktuální zařízení bude odpojeno
misc_time_left	time left	thời gian còn lại	zbývající čas
misc_tin	TIN	IČO	IČO
misc_tin_changed	TIN changed	Đổi IČO	Změna IČO
misc_title	title	bằng cấp	titul
misc_to_change_password	Change password	Đổi mật khẩu	Změnit heslo
misc_to_login	Login	Đăng nhập	Přihlásit se
misc_to_logout	Logout	Đăng xuất	Odhlásit se
misc_to_recover_password	Recover password	Khôi phục mật khẩu	Obnovte heslo
misc_to_register	Register	Đăng ký	Registrovat
misc_to_search	Search	Tìm	Vyhledávat
misc_to_start	Start	Bắt đầu	Zahájit
misc_today	today	hôm nay	dnes
misc_today_closed	today closed	hôm nay đóng	dnes zavřeno
misc_token	token	mã token	token
misc_total	Total	Tổng	Celkem
misc_total_attendances	Total attendances	Tổng số điểm danh	Celkový počet docházek
misc_total_days	Total days	Tổng số ngày	Celkový počet dní
misc_total_expected_shifts	Total expected shifts	Tổng số ca làm việc mong đợi	Celkový počet očekávaných směn
misc_total_price	total price	tiền tổng	celková částka
misc_total_shifts	Total shifts	Tổng ca làm việc	Totální směny
misc_total_working_minutes	Total working minutes	Tổng số phút làm việc	Celkový počet pracovních minut
misc_transaction_fee	transaction fees	phí giao dịch	poplatky za transakce
misc_transactions	transactions	giao dịch	transakce
misc_transfer_fee	transfer fees	phí chuyển khoản	poplatky za převod
misc_true	true	đúng	správně
misc_turnover	turn over	doanh thu	obrat
misc_type	Type	Loại	Typ
misc_unable_to_open_settings	unable to open settings	không thể mở cài đặt	není možné otevřít nastavení
misc_unavailable	unavailable	không có sẵn	nedostupný
misc_unconfirmed	unconfirmed	chưa xác nhận	nepotvrzeno
misc_undefined	undefined	chưa xác định	nedefinováno
misc_unlock	unlock	mở khoá	odemknout
misc_unpaired	unpaired	chưa ghép nối	nepárováno
misc_unsent	unsent	chưa gửi	neposláno
misc_unsigned_documents	unsigned documents	tài liệu chưa ký	nepodepsané dokumenty
misc_until_the_end	Until the end	Đến cuối cùng	Do konce
misc_untitled	untitled	chưa điền	nezadáno
misc_upcoming_shift_at	upcoming shift at	ca làm việc sắp tới tại	nadcházející směna v(e)
misc_update	Update	Cập nhập	Aktualizovat
misc_update_available_text	Update available!	Đã có bản cập nhật mới!	Dostupná aktualizace!
misc_update_now	Update now	Cập nhập ngay	Celková aktualizace
misc_update_payment_terminal	Update payment terminal	Cập nhập máy trả thẻ	Aktualizovat platební terminál
misc_update_store	Update store	Cập nhập cửa hàng	Aktualizovat provozovnu
misc_updated	updated	đã cập nhập	aktualizováno
misc_updated_successfully	Updated successfully	Cập nhập thành công	Úspěšně aktualizováno
misc_upload	upload	tải lên	nahrát
misc_upload_mail_sent	email for signature sent	Gửi email để ký	Email pro podpis odeslán
misc_upload_photos	upload photos	tải lên ảnh	nahrát fotky
misc_upload_signed_documents	Uploading signed documents	Tải lên tài liệu đã ký	Nahrávání podepsaných dokumentů
misc_upload_unsigned_form	Upload unsigned form	Tải lên mẫu đơn chưa ký	Nahrát nepodepsaný dokument
misc_url_already_added	This URL has already been added	URL này đã được thêm vào	Tento URL již byl přidán
misc_use_map_picker	by using the map picker	bằng cách chọn trên bản đồ	běžným výběrem z mapy
misc_user	User	Nhân viên	Uživatel
misc_user_has_zero_provision	user has zero provision	người dùng có hoa hồng bằng 0	uživatel má nulovou provizi
misc_user_support	user support	hỗ trợ khách hàng	uživatelská podpora
misc_username	Username	Tên đăng nhập	Přihlašovací jméno
misc_users	Users	Người dùng	Uživatele
misc_valid	valid	hợp lệ	validní
misc_value	value	giá trị	hodnota
misc_vin	VIN	DIČ	DIČ
misc_visit_doctor	visit doctor	đi khám bác sĩ	navštívit lékaře
misc_want_to_continue	do you want to continue	bạn có muốn tiếp tục không	chcete pokračovat
misc_website	website	trang web	webová stránka
misc_working_at	working at	làm việc tại	pracuje v
misc_working_employees	working employees	nhân viện làm việc	pracující zaměstnanci
misc_working_hour	working hour	thời gian làm việc	pracovní doba
misc_working_hour_of_the_workplace	working hour of the workplace	Giờ làm việc của nơi làm việc	Pracovní doba pracoviště
misc_working_hours	working hours	thời gian làm việc	pracovní doba
misc_working_hours_by_employee	working hours by employee	Giờ làm việc theo nhân viên	počet odpracovaných hodin zaměstnanců
misc_working_time_will_be_reduced	working time will be reduced	thời gian làm việc sẽ bị giảm	počet odpracovaných hodin bude zkrácen
misc_working_time_will_be_reduced_if_exceed_allowed_duration	working time will be reduced if exceed allowed duration	thời gian làm việc sẽ bị giảm nếu vượt quá thời gian cho phép	počet odpracovaných hodin bude zkrácen, pokud překročí povolenou dobu
misc_workplace	workplace	nơi làm việc	pracoviště
misc_workplace_breaks	Workplace breaks	Thời gian nghỉ của nơi làm việc	Přestávky pracoviště
misc_workplace_custom_breaks	Custom breaks	Thời gian nghỉ tùy chỉnh	Vlastní přestávky
misc_workplace_working_hours	Working hours	Giờ làm việc	Pracovní doba
misc_workplaces	workplaces	nơi làm việc	pracoviště
misc_workplaces_list_instructions	workplaces list instructions	hướng dẫn danh sách nơi làm việc	instrukce seznamu pracovišť
misc_workplaces_list_instructions_1	You can check the list of workplaces.	Bạn có thể kiểm tra danh sách nơi làm việc.	Můžete zkontrolovat seznam pracovišť.
misc_workplaces_list_instructions_2	You can check your followings shifts at specific workplace.	Bạn có thể kiểm tra ca làm việc của mình tại nơi làm việc cụ thể.	Můžete zkontrolovat své následující směny na konkrétním pracovišti.
misc_workplaces_list_instructions_3	by clicking the button of top right corner, you can unpair the device with that workplace.	Bằng cách nhấn nút ở góc trên bên phải, bạn có thể hủy ghép nối thiết bị với nơi làm việc đó.	Kliknutím na tlačítko v pravém horním rohu můžete zrušit párování zařízení s tímto pracovištěm.
misc_year	year	năm	rok
misc_yes	yes	có	ano
misc_you_have_no_shift_assigned	you have no shift assigned	bạn chưa được phân ca	ještě nemáte přidělený směn
misc_you_must_register_device	you must register your device	bạn phải đăng ký thiết bị này	musíte registrovat toto zařízení
misc_you_will_not_see_workplace_until_add_again	you will not see the workplaces until you add URL again	bạn sẽ không nhìn thấy nơi làm việc cho đến khi bạn thêm lại URL	neuvidíte pracoviště, dokud znovu nepřidáte URL
misc_your_shift_start_at	Your shift start at	Ca làm việc của bạn bắt đầu vào lúc	Vaše směna začíná v(e)
msg_accept_agreements	Accept agreements	Đồng ý với điều khoản sử dụng	Souhlasíte s podmínky
msg_actual_phase	Actual phase	Quá trình hiện tại	Aktuální fáze
msg_added	Added	Đã thêm	Přidáno
msg_applied_changes	Applied changes	Áp dụng thay đổi	Použité změny aplikovány
msg_break_info	set breaks for an individual day, it will be used for employees and will not count towards working hours	thiết lập giờ nghỉ giải lao cho nhân viên vào từng ngày, giờ nghỉ giải lao sẽ không tính vào giờ làm việc	nastavit přestávky pro jednotlivé dny, budou použity pro zaměstnance a nebudou započítány do pracovní doby.
msg_cancelled	Cancelled	Đã huỷ	Zrušeno
msg_check_merchant_explanation	You import a list of TINs with provider and then select the providers you expect to be checked. The system will compare the entries with INSTALLED status and display the merchants that were expected to be in selected providers but are not listed.	Bạn nhập danh sách IČ với các nhà cung cấp rồi chọn nhà cung cấp mà bạn muốn được kiểm tra. Hệ thống sẽ so sánh các mục nhập với tình trạng ĐÃ LẮP ĐẶT và hiển thị những người bán dự kiến ​​sẽ có mặt trong các nhà cung cấp được chọn nhưng không được liệt kê.	Naimportujete seznam IČ s poskytovatelem a poté vyberete poskytovatele, u kterých očekáváte kontrolu. Systém porovná záznamy se statusy INSTALOVÁNO a zobrazí obchodníky, kteří měli být u vybraných poskytovatelů, ale nejsou v seznamu uvedeni.
msg_confirmed	Confirmed	Đã xác nhận	Potvrzeno
msg_control_typed_field	Check filled fields	Kiểm tra ô đã điền	Zkontrolujte vyplněné údaje!
msg_do_not_have_account	Don't have an account	Bạn chưa có tài khoản	Nemáte účet
msg_email_registered	Email is registered	Email đã được đăng ký	Email je již používán
msg_finished	Finished	Đã hoàn thành	Dokončeno
msg_from	From	Từ	Od
msg_have_forgotten_password	Don't remember password	Bạn đã quên mật khẩu	Zapoměl(a) jste heslo
msg_ico_registered	IČO is registered	IČO đã được đăng ký	IČO je již registrováno
msg_if_account_exists	You will receive an email if the account exists	Nếu tài khoản tồn tại, bạn sẽ nhận được email	Pokud účet existuje, obdržíte e-mail
msg_is_deactive	Deactive	Không kích hoạt	Neaktivní
msg_make_sure_image_not_blur_and_centered	make sure the photo is centered and not blurry	hãy chắc chắn là ảnh nằm ngay giữa và không mờ	ujistěte se, že fotka je vycentrovaná a není rozmazaná
msg_maturity_period_info	specifies the time range when the employee can use the break time	xác định khoảng thời gian khi nhân viên có thể sử dụng thời gian nghỉ trưa	určuje časový rozsah, kdy zaměstnanec může využít přestávku
msg_must_add_email	you must add email	bạn phải nhập email	musíte zadat email
msg_must_add_unsigned_form	You must upload unsigned form	Bạn chưa tải lên mẫu đơn chưa ký	Musíte nahrát nepodepsaný formulář
msg_not_decided	Undecided	Chưa quyết định	Nerozhodnuto
msg_number_short	num.	số	č.
msg_only_send_when_no_bank_or_terminal_choosed	Only send this E-mail if customer did not apply a bank account or terminal details	Chỉ gửi E-mail này khi khách hàng chưa thêm tài khoản ngân hàng hoặc chưa chọn máy trả thẻ	Tento E-mail posílejte jen v případě, že zákazník nezadal bankovní účet nebo nevybral si terminál
msg_or	or	hoặc	nebo
msg_password_change_success	Password successfully changed	Mật khẩu đã đổi thành công	Heslo úspěšně změněno
msg_please_choose_item	Please choose an item	Hãy chọn một món	Vyberte si položku
msg_really_want_to_add	Do you really want to add	Bạn thật sự muốn thêm	Opravdu chcete přidat
msg_really_want_to_change	Do you really want to change	Bạn thật sự muốn đổi	Opravdu chcete změnit
msg_really_want_to_change_status	Do you really want to change status	Bạn thật sự muốn đổi trạng thái	Opravdu chcete přepnout status
msg_really_want_to_confirm	Do you really want to confirm	Bạn thật sự muốn xác nhận	Opravdu chcete potvrdit
msg_really_want_to_delete	Do you really want to delete	Bạn thật sự muốn xoá	Opravdu chcete smazat
msg_really_want_to_remove	Do you really want to remove	Bạn thật sự muốn huỷ	Opravdu chcete odstranit
msg_really_want_to_send	Do you really want to send	Bạn thật sự muốn gửi	Opravdu chcete poslat
msg_registration_form	Registration form	Đơn đăng ký	Registrační formulář
msg_request_sent	Request sent	Yêu cầu đã được gửi	Požadavek poslán
msg_select_template	select template	hãy chọn mẫu	vyberte šablonu
msg_take_back_side_of_document	take a photo of the back of the document	chụp mặt sau của thẻ căn cước	vyfoťte zadní stranu dokladu
msg_take_front_side_of_document	take a photo of the front of the document	chụp mặt trước của thẻ căn cước	vyfoťte přední stranu dokladu
msg_to	To	Đến	Do
msg_to_check_email	Check your email	Hãy kiểm tra email	Zkontrolujte email
msg_to_refresh_page	Refresh page	Tải lại trang	Obnovte stránku
msg_update_successfully	Update successfully	Cập nhập thành công	Úspěšně aktualizováno
msg_vin_required_for_taxpayer	VIN is required for taxpayer	Số thuế VIN là bắt buộc cho người trả thuế	DIČ je povinné pro plátce DPH
msg_welcome	Welcome to	Chào mừng bạn đến	Vítáme Vás v
msg_you_can_not_revert	Once changed, you can not revert	Một khi đã đổi, bạn không thể chuyển lại	Jakmile přepnete, nemůžete znovu přepnout
srv_address_required	Address is required	Địa chỉ là bắt buộc	Pole adresa je povinné
srv_address_updated	Address updated	Địa chỉ đã được cập nhật	Adresa aktualizována
srv_already_checked_out	already checked out	bạn đã check out	odchod byl již zaznamenán
srv_already_confirmed	Already confirmed	Đã xác nhận	Již potvrzeno
srv_already_sent	Already sent	Đã gửi	
srv_ares_failed	ARES failed	ARES không thành công	ARES selhalo
srv_assigned_form_not_found	Assigned form not found	Không tìm thấy biểu mẫu được chỉ định	Přidělený formulář nenalezen
srv_attendance_already_exists	Attendance already exists	Dữ liệu điểm danh đã tồn tại	Dohled již existuje
srv_attendance_not_found	attendance not found	Không tìm thấy dữ liệu điểm danh	Docházka nenalezena
srv_authentication_failed	authentication failed	xác thực không thành công	autentizace selhala
srv_authentication_required	authentication required	cChứng thực cần thiết	požadována autentizace
srv_bad_request	Bad request	Yêu cầu không hợp lệ	Špatný požadavek
srv_bank_not_found	Bank not found	Không tìm thấy ngân hàng	Banku nelze nalézt
srv_bank_updated	bank updated	đã cập nhập ngân hàng	banka aktualizována
srv_bill_confirmed	bill confirmed	hoá đơn đã được xác nhận	faktura potvrzena
srv_bill_deleted	Bill deleted	Hóa đơn đã bị xóa	Faktura smazána
srv_bill_not_found	Bill not found	Không tìm thấy hóa đơn	Faktura nenalezena
srv_bill_sent	Bill sent	Đã gửi hóa đơn	Faktura odeslána
srv_bill_updated	Bill updated	Hóa đơn đã cập nhật	Faktura aktualizována
srv_biometric_disabled	Biometric permissions disabled	Quyền truy cập bảo mật trắc học bị vô hiệu	Oprávnění použití biometrie je zakázáno
srv_biometric_permissions_disabled	Biometric permissions disabled	Quyền truy cập bảo mật trắc học bị vô hiệu	Oprávnění použití biometrie je zakázáno
srv_biometric_required	Biometric required	Mở khoá trắc học cần thiết	Biometrická autentizace je povinná
srv_bluetooth_permission_not_granted	Bluetooth permission not granted	quyền sử dụng Bluetooth không được cấp	povolení k použití Bluetooth nebylo uděleno
srv_break_already_finished	Break already finished	Thời gian nghỉ đã kết thúc	Přestávka již skončila
srv_break_finished_successfully	break finished successfully	kết thúc nghỉ thành công	přestávka úspěšně ukončena
srv_break_id_required	Break ID is required	ID nghỉ là bắt buộc	ID přestávky je povinný
srv_break_not_found	Break not found	Không tìm thấy thời gian nghỉ	žádná přestávka nenalezena
srv_break_out_of_working_hours	break out of working hours	ngoài giờ làm việc	přestávka mimo pracovní dobu
srv_break_started_successfully	break started successfully	bắt đầu nghỉ thành công	přestávka úspěšně zahájena
srv_can_not_after_today	Cannot be after today	Không thể sau hôm nay	Nemůže být po dnešním dni
srv_can_not_self_reference	Cannot make self reference	Không được tạo liên kết lên cùng đơn	Nelze vytvořit odkaz na sebe
srv_canceled_by_user	cancelled by user	huỷ bởi người dùng	zrušeno uživatelem
srv_checked_in_successfully	checked in successfully	đã check in thành công	příchod úspěšný
srv_checked_ou_successfully	check out successfully	check out thành công	odchod úspěšně zaznamenán
srv_checked_out_successfully	checked out successfully	đã check out thành công	odchod úspěšný
srv_city_length	City must have at most 255 characters	Thành phố phải có tối đa 255 ký tự	Město může mít maximálně 255 znaků
srv_city_max_length	City must have at most 255 characters	Thành phố phải có tối đa 255 ký tự	Město může mít maximálně 255 znaků
srv_close_time_before_open_time	close time is before open time	thời gian kết thúc trước thời gian bắt đầu	čas ukončení je před časem otevření
srv_config_deleted	Config deleted	Cài đặt đã bị xóa	Konfigurace smazána
srv_config_not_found	Config not found	Cài đặt không tìm thấy	Konfigurace nenalezena
srv_config_updated	Config updated	Cài đặt đã được cập nhập	Konfigurace aktualizována
srv_confirm_password_required	Confirm password is required	Xác nhận mật khẩu là bắt buộc	Potvrzení hesla je povinné
srv_control_typed_field	check fields	kiểm tra ô điền	zkontrolujte políčka
srv_created	created	đã được tạo	vytvořeno
srv_daily_attendance_not_found	daily attendance not found	Không tìm thấy dữ liệu điểm danh	Denní docházka nenalezena
srv_date_can_not_be_in_future	date can not be in future	Ngày không thể ở tương lai	datum nemůže být v budoucnosti
srv_device_already_registered	device already registered	thiết bị đã được đăng ký	zařízení je již registrováno
srv_device_not_found	device not found	không tìm thấy thiết bị	zařízení nenalezeno
srv_device_pairing_cancellation_failed	device pairing cancellation failed	đã hủy ghép nối thiết bị thất bại	zrušení párování zařízení selhalo
srv_device_unregistered	Device unregistered	Thiết bị đã hủy đăng ký	Zařízení odregistrováno
srv_documents_generate_failed	Generate documents failed	Tạo đơn thất bại	Generování dokumentů selhalo
srv_documents_generated	Documents generated	Đơn đã tạo	Documenty byly vygenerovány
srv_draft_saved	Draft saved	Bản nháp đã được lưu	Koncept uložen
srv_duplicate	already exists	đã tồn tại	již existuje
srv_email_exists	E-mail exists	E-mail tồn tại	E-mail existuje
srv_email_required	Email is required	Email là bắt buộc	E-mail je povinný
srv_employee_deleted	Employee deleted	Nhân viên đã bị xóa	Zaměstnanec smazán
srv_employee_device_pairing_canceled	employee device pairing canceled	đã hủy ghép nối thiết bị nhân viên	zrušeno párování zařízení zaměstnance
srv_employee_exists	employee exists	nhân viên đã tồn tại	zaměstnanec již existuje
srv_employee_not_employed	you are not employed for this workplace	bạn không được chỉ định làm việc tại đây	nejste zaměstnán na tomto pracovišti
srv_employee_not_found	employee not found	không tìm thấy nhân viên	zaměstnanec nenalezen
srv_employee_not_working_here	employee is not working here	nhân viên không làm việc ở đây	pracovník nepracuje zde
srv_employee_not_working_today	employee is not working today	nhân viên không làm việc hôm nay	zaměstnanec dnes nepracuje
srv_empty_name	Empty name	Tên trống	Prázdné jméno
srv_empty_purchaser	Empty purchaser	Người mua trống	Prázdný kupující
srv_empty_supplier	Empty supplier	Nhà cung cấp trống	Prázdný dodavatel
srv_end_time_before_start_time	end time is before start time	Thời gian kết thúc trước thời gian bắt đầu	čas ukončení před časem zahájení
srv_error	chyba serveru	lỗi serveru	chyba serveru
srv_error_fetching_address	error fetching address	lỗi tìm địa chỉ	chyba při získávání adresy
srv_error_fetching_coordinates	error fetching coordinates	lỗi tìm tọa độ	chyba při získávání souřadnic
srv_exposure_is_after_expiration	Exposure date is after expiration date	Ngày hiệu lực sau ngày hết hạn	Datum vystavení je po datumu expirace
srv_failed_api_request	Failed API request	API request failed	API požadavek selhal
srv_failed_get_latest_attendance	failed to get latest attendance	lấy dữ liệu điểm danh thất bại	získání poslední docházky selhalo
srv_failed_make_attendance	failed to make attendance	điểm danh thất bại	neúspěšné zaznamenání docházky
srv_failed_register_local_device	Failed to register local device	Đăng ký thiết bị cục bộ không thành công	Registrace lokálního zařízení selhala
srv_failed_to_add	failed to add	thêm mới bị lỗi	chyba přidání
srv_failed_to_authorize	Failed to authorize	Ủy quyền không thành công	Autorizace se nezdařila
srv_failed_to_cancel_pairing	Failed to cancel pairing	Không thể hủy ghép nối	nelze zrušit párování
srv_failed_to_connect_to_server	failed to connect to server	kết nối đến máy chủ thất bại	nelze se připojit k serveru
srv_failed_to_create	failed to create	tạo không thành công	založení selhalo
srv_failed_to_create_missing_request	failed to create missing request	không thể tạo yêu cầu vắng mặt	chyba vytvoření žádosti o absenci
srv_failed_to_create_pdf	Failed to create PDF	Tạo PDF không thành công	
srv_failed_to_delete	failed to delete	xoá không thành công	smazání selhalo
srv_failed_to_get_daily_attendance	Failed to get daily attendance	Lấy dữ liệu điểm danh hàng ngày thất bại	Získání denní docházky selhalo
srv_failed_to_get_ip_address	Failed to get IP address	Lấy địa chỉ IP thất bại	Získání IP adresy selhalo
srv_failed_to_get_location	Failed to get location	Lấy vị trí không thành công	Získání lokace selhalo
srv_failed_to_get_registration	Failed to get registration	Lấy đăng ký thất bại	Získání registrace selhalo
srv_failed_to_get_terminals	Failed to get terminals	Lấy thiết bị thanh toán không thành công	Získání terminálů se nezdařilo
srv_failed_to_get_workplaces	Failed to get workplaces	Lấy nơi làm việc thất bại	Získání pracovišť selhalo
srv_failed_to_load	failed to load	lỗi tải trang	chyba načítání
srv_failed_to_load_from_ares	failed to load data from ARES	tải dữ liệu từ ares không thành công	stažení dat z ARES selhalo
srv_failed_to_load_transaction	Failed to load transaction	Tải dữ liệu đơn hàng thất bại	Načítání transakce selhala
srv_failed_to_login	Failed to login	Đăng nhập không thành công	Přihlášení se nezdařilo
srv_failed_to_make_attendance	failed to make attendance	điểm danh thất bại	neúspěšné zaznamenání docházky
srv_failed_to_registration	Failed to registration	Đăng ký thất bại	Registrace selhala
srv_failed_to_submit	failed to submit	gửi không thành công	odeslání selhalo
srv_failed_to_submit_break	failed to submit break	gửi đơn nghỉ thất bại	žádost o přestávku selhala
srv_failed_to_update	failed to update	cập nhập không thành công	aktualizace selhala
srv_failed_to_upload	failed to upload	tải lên không thành công	nahrávání selhalo
srv_failed_unregister_local_device	Failed to unregister local device	Hủy đăng ký thiết bị cục bộ không thành công	Nezdařilo se odregistrovat lokální zařízení
srv_failed_update_daily_attendance	failed to update attendance	cập nhập điểm danh thất bại	aktualizace docházky selhala
srv_file_extension_not_allowed	File extension is not allowed	Đuôi của tệp không được cho phép	Přípona souboru není povolena
srv_file_uploaded	Files uploaded successfully	Tệp đã được tải lên thành công	Soubory úspěšně nahrány
srv_forbidden	Forbidden	Cấm	Zakázáno
srv_form_deleted	Form deleted	Biểu mẫu đã bị xóa	Formulář smazán
srv_form_draft_not_found	Form draft not found	Không tìm thấy bản nháp biểu mẫu	Koncept formuláře nenalezen
srv_form_not_found	Form not found	Không tìm thấy biểu mẫu	Formulář nenalezen
srv_form_reference_added	Form reference added	Tham chiếu đơn được thêm	Reference formuláře přidán
srv_form_reference_deleted	Form reference deleted	Tham chiếu đơn đã bị xóa	Reference formuláře smazána
srv_form_updated	Form updated	Đơn đã được cập nhập	Formulář aktualizován
srv_forms_exist	Forms exist	Các biểu mẫu đã tồn tại	Formuláře existují
srv_geolocation_not_supported	Geolocation is not supported	Geolocation không được hỗ trợ	Geolokace není podporována
srv_insufficient_privileges	insufficient privileges	quyền hạn không đủ	nedostatečná oprávnění
srv_invalid_action_request	Invalid action request	Yêu cầu hành động không hợp lệ	Neplatná žádost o akci
srv_invalid_address	Invalid address	Địa chỉ không hợp lệ	Neplatná adresa
srv_invalid_allowed_radius	Invalid allowed radius	Đường kính cho phép không hợp lệ	Neplatný povolený poloměr
srv_invalid_allowedOverTime	Invalid allowed overtime	Thời gian làm thêm không hợp lệ	Nesprávný povolený přesčas
srv_invalid_allowedOverTime_range	5 - 1440 Minutes	5 - 1440 phút	5 - 1440 minut
srv_invalid_answer	Invalid answer	Câu trả lời không hợp lệ	Nesprávná odpověď
srv_invalid_bank	Invalid bank	Ngân hàng không hợp lệ	Neplatná banka
srv_invalid_bank_account	Invalid bank account	Tài khoản ngân hàng không hợp lệ	Neplatný bankovní účet
srv_invalid_bank_id	invalid bank ID	ID ngân hàng không hợp lệ	neplatný ID banky
srv_invalid_bill	Invalid bill	Hóa đơn không hợp lệ	Neplatná faktura
srv_invalid_break_range	break must be between working hours	giờ nghỉ phải trong giờ làm việc	přestávka musí být mezi pracovní dobou
srv_invalid_business_name	invalid business name	tên công ty không hợp lệ	neplatné jméno společnosti
srv_invalid_business_type	invalid business type	thể loại kinh doanh không hợp lệ	neplatný typ obchodní činnosti
srv_invalid_city	Invalid city	Thành phố không hợp lệ	Neplatné město
srv_invalid_coordinates	invalid coordinates	tọa độ không hợp lệ	neplatné souřadnice
srv_invalid_country	Invalid country	Quốc gia không hợp lệ	Neplatná země
srv_invalid_credentials	Invalid credentials	Sai thông tin đăng nhập	Nesprávné přihlašovací údaje
srv_invalid_date	invalid date	ngày không hợp lệ	nesprávné datum
srv_invalid_device_count	Invalid device count	Số lượng thiết bị không hợp lệ	Neplatný počet zařízení
srv_invalid_duration	invalid duration	thời lượng không hợp lệ	neplatná doba trvání
srv_invalid_email	Invalid email	Email không hợp lệ	Neplatný email
srv_invalid_expiration	Invalid expiration	Ngày hết hạn không hợp lệ	Neplatná expirace
srv_invalid_exposure	Invalid exposure	Ngày hiệu lực không hợp lệ	Neplatný datum vystavení
srv_invalid_headers	Invalid headers	Đầu đề không hợp lệ	Neplatné záhlaví
srv_invalid_id	Invalid ID	ID không hợp lệ	Neplatné ID
srv_invalid_image_url	Invalid image URL	URL hình ảnh không hợp lệ	Nesprávný URL pro obrázek
srv_invalid_key	Invalid key	Khóa không hợp lệ	Neplatný klíč
srv_invalid_latitude	Invalid latitude	Vĩ độ	Neplatná zeměpisná šířka
srv_invalid_length	invalid length	độ dài không hợp lệ	neplatná délka
srv_invalid_local_device	invalid local device	Thiết bị cục bộ không hợp lệ	neplatné lokální zařízení
srv_invalid_longitude	Invalid longitude	Kinh độ	Neplatná zeměpisná délka
srv_invalid_max_allowedOverTime	Max 1440 minutes (24 hours)	Tối đa 1440 phút (24 giờ)	Nejvýše 1440 minut (24 hodin)
srv_invalid_merchant	Invalid merchant	Nhà bán buôn không hợp lệ	Neplatný obchodník
srv_invalid_min_allowedOverTime	Min. 5 minutes	Tối thiểu 5 phút	Nejméně 5 minut
srv_invalid_name	invalid name	tên không hợp lệ	neplatné jméno
srv_invalid_number	invalid number	số không hợp lệ	neplatné číslo
srv_invalid_overnight	Invalid overnight	Quá đêm không hợp lệ	Neplatná přenocování
srv_invalid_owner	Invalid owner	Chủ sở hữu không hợp lệ	Neplatný vlastník
srv_invalid_phone	Invalid telephone	Số điện thoại không hợp lệ	Neplatný telefon
srv_invalid_plans	Invalid plans	Kế hoạch không hợp lệ	Neplatné plány
srv_invalid_postal_code	invalid postal code must be 11000 or 110 00	mã bưu điện không hợp lệ, phải là 11000 hoặc 110 00	neplatný PSČ, musí být 11000 nebo 110 00
srv_invalid_provider	Invalid provider	Nhà cung cấp không hợp lệ	Neplatný poskytovatel
srv_invalid_quantity	invalid quantity	số lương không hợp lệ	neplatné množství
srv_invalid_question	Invalid question	Câu hỏi không hợp lệ	Nesprávná otázka
srv_invalid_recaptcha	Invalid reCAPTCHA	reCAPTCHA không hợp lệ	Neplatná reCAPTCHA
srv_invalid_recaptcha_request	Invalid reCAPTCHA request	Yêu cầu reCAPTCHA không hợp lệ	Neplatná žádost reCAPTCHA
srv_invalid_refid	Invalid refID	RefID không hợp lệ	Neplatné refID
srv_invalid_request	invalid request	yêu cầu không hợp lệ	nesprávný požadavek
srv_invalid_same_start_end_date	Start date cannot be the same as end date	Ngày bắt đầu không thể giống ngày kết thúc	Datum zahájení nemůže být stejné jako datum ukončení
srv_invalid_settings	Invalid settings	Cài đặt không hợp lệ	Neplatná nastavení
srv_invalid_shift	invalid shift	ca làm việc không hợp lệ	neplatná směna
srv_invalid_street	Invalid street	Đường không hợp lệ	Neplatná ulice
srv_invalid_terminal_type	invalid terminal type	loại máy trả thẻ không hợp lệ	neplatný typ platebního terminálu
srv_invalid_time	Invalid time	Thời gian không hợp lệ	Neplatný čas
srv_invalid_time_format	Invalid time format	Định dạng thời gian không hợp lệ	Neplatný formát času
srv_invalid_tin	invalid TIN	IČO không hợp lệ	neplatné IČO
srv_invalid_token	Invalid token or link expired	Mã token không hợp lệ hoặc đã hết hạn	Neplatný token nebo váš požadavek vypršel
srv_invalid_type	invalid type	loại không hợp lệ	neplatný typ
srv_invalid_url	Invalid URL	URL không hợp lệ	Nesprávný URL
srv_invalid_username	invalid username	tên đăng nhập không đúng	nesprávné uživatelské jméno
srv_invalid_vin	invalid VIN	DIČ không hợp lệ	neplatné DIČ
srv_invalid_year	Invalid year	Năm không hợp lệ	Neplatný rok
srv_invalid_zip	Invalid ZIP code	Mã bưu điện không hợp lệ	Neplatný PSČ
srv_is_confirmed	Is confirmed	Đã xác nhận	Je potvrzeno
srv_items_empty	items are empty	mục trống	položky jsou prázdné
srv_leads_imported	Leads imported	Khách hàng tiềm năng đã được nhập	Zákazníci importováni
srv_local_device_deleted	local device deleted	thiết bị cục bộ đã bị xóa	odstraněno místní zařízení
srv_location_not_found	Location not found	Không tìm thấy vị trí	lokace nenalezena
srv_location_required_to_make_attendance	location is required to make attendance	vị trí là bắt buộc để điểm danh	lokace je povinná pro zaznamenání docházky
srv_location_required_to_submit_break	location is required to submit tje break	địa điểm cần thiết để gửi đơn nghỉ	požadováno místo pro odeslání přestávky
srv_log_in_failed	Log in failed	Đăng nhập không thành công	Přihlášení se nezdařilo
srv_login_expired	login expired	đăng nhập hết hạn	přihlášení expirováno
srv_mail_send_failed	Mail send failed	Gửi thư không thành công	Odeslání e-mailu se nezdařilo
srv_mail_sent	Mail sent	Thư đã được gửi	E-mail odeslán
srv_max_ares_attempts	you have reached the maximum number of attempts. Write the data manually or start from the beginning.	bạn đã đạt đến số lần thử tối đa. Hãy viết dữ liệu theo cách thủ công hoặc bắt đầu lại từ đầu.	dosáhl(a) jste maximálního počtu pokusů. Napište data ručně nebo začněte od začátku.
srv_max_local_devices_reached	maximum number of local devices reached	số lượng thiết bị cục bộ tối đa đã đạt	maximální počet lokálních zařízení dosažen
srv_merchant_deleted	Merchant deleted	Thương gia đã bị xóa	Obchodník smazán
srv_merchant_not_found	Merchant not found	Không tìm thấy thương gia	Obchodník nenalezen
srv_message_sent	Message sent	Tin nhắn đã gửi	Zpráva odeslána
srv_missing	missing	thiếu	nenalezeno
srv_missing_aggregation	missing aggregation	thiếu tổng hợp	chybí agregace
srv_missing_attendance	missing attendance	thiếu dữ liệu điểm danh	není k dispozici docházka
srv_missing_date	missing date	thiếu ngày	chybí datum
srv_missing_form	missing form	thiếu đơn	chybí formulář
srv_missing_from_system	missing from system	không tìm thấy trong hệ thống	nenalezeno v systému
srv_missing_type	missing type	thiếu loại	chybí typ
srv_must_choose_store	you must choose a store	bạn phải chọn một cửa hàng	musíte vybrat provozovnu
srv_must_take_photo_of_documents	you must take photo of ID documents	quý khách phải chụp ảnh thẻ căn cước	musíte vyfotit doklady
srv_name_length	Name must not empty	Tên không được để trống	Jméno nesmí být prázdné
srv_name_max_length	Name must have at most 255 characters	Tên phải có tối đa 255 ký tự	Jméno může mít maximálně 255 znaků
srv_new_form_draft_deleted	New form draft deleted	Bản nháp biểu mẫu mới đã bị xóa	Koncept nového formuláře smazán
srv_new_form_draft_not_found	New form draft not found	Không tìm thấy bản nháp biểu mẫu mới	Koncept nového formuláře nenalezen
srv_no_biometric_hardware	biometric hardware not available	không có phần cứng hỗ trợ bảo mật trắc học	biometrický hardware není k dispozici
srv_no_biometric_supported	no biometric authentication methods supported	không có phương thức bảo mật trắc học được hỗ trợ	nejsou podporovány žádné biometrické autentizační metody
srv_no_content	No content	Không có nội dung	Žádný obsah
srv_no_data	No data	Không có dữ liệu	Žádná data
srv_no_faq	no FAQs	không có FAQs	nejsou žádné FAQs
srv_no_form_identity	No form identity	Không có danh tính biểu mẫu	
srv_no_installed	not installed	chưa được lắp đặt	není instalováno
srv_no_payment_terminal	no payment terminals	không có máy trả thẻ	není žádný platební terminál
srv_no_permission	No permission	Không có quyền truy cập	Bez oprávnění
srv_no_result_found	No result found	Không tìm thấy kết quả	Žádný výsledek nenašlo
srv_no_template_available	no template available	không có mẫu đơn sẵn	není k dispozici žádná šablona
srv_no_user_found	no user found	không tìm thấy người dùng	nebyl nalezen žádný uživatel
srv_no_whitespace	cannot have whitespace	không được có dấu cách	nesmí obsahovat mezery
srv_non_negative_number	non negative number	số không được âm	nezáporné číslo
srv_not_base64	Not Base64	Không phải Base64	Není Base64
srv_not_found	not found	không tìm thấy	nenalezeno
srv_not_included	not included	không được bao gồm	nezahrnuto
srv_outside_allowed_radius	you are outside allowed location	bạn đang ở ngoài vị trí cho phép	jste mimo povolené lokace
srv_outside_time	outside time	ngoài thời gian	mimo čas
srv_outside_working_hours	outside working hours	ngoài giờ làm việc	mimo pracovní dobu
srv_page_not_found	page not found	trang không tìm thấy	stránka nenalezena
srv_passsword_length	Password must have at least 8 characters	Mật khẩu phải có ít nhất 8 ký tự	Heslo musí mít alespoň 8 znaků
srv_password_length	Password must have at least 8 characters	Mật khẩu phải có ít nhất 8 ký tự	Heslo musí mít alespoň 8 znaků
srv_password_max_length	Password must have at most 255 characters	Mật khẩu phải có tối đa 255 ký tự	Heslo může mít maximálně 255 znaků
srv_password_min_length	Password must have at least 8 characters	Mật khẩu phải có ít nhất 8 ký tự	Heslo musí mít alespoň 8 znaků
srv_password_required	Password is required	Mật khẩu là bắt buộc	Heslo je povinné
srv_password_requirements	Password must have 8 characters, 1 uppercase, 1 lowercase and 1 number	Mật khẩu phải có ít nhất 8 ký tự, 1 chữ hoa, 1 chữ thường và 1 số	Heslo musí obsahovat alespoň 8 znaků, 1 velké, 1 malé písmeno a 1 číslici
srv_password_reset_failed	Password reset failed	Đặt lại mật khẩu không thành công	Obnovení hesla se nezdařilo
srv_password_reset_send_to_email	Password reset sent to email	Đặt lại mật khẩu gửi vào email	Obnovení hesla odesláno na email
srv_passwords_changed	passwords changed	mật khẩu đã đổi	heslo změněno
srv_passwords_not_match	Passwords do not match	Mật khẩu không khớp	Hesla se neshodují
srv_pause_already_finished	pause already finished	tạm dừng đã kết thúc	pozastavení již skončilo
srv_pause_finished_successfully	Pause finished successfully	kết thúc tạm dừng thành công	přerušení úspěšně ukončeno
srv_pause_not_found	shift pause not found	không tìm thấy tạm dừng ca	nenalezeno přerušení směny
srv_pause_started_successfully	Pause started successfully	bắt đầu tạm dừng thành công	přerušení úspěšně zahájeno
srv_pending_breaks	You have pending breaks	bạn có đơn nghỉ đang chạy	máte probíhající přestávky
srv_pending_pauses	pending pauses	các ca tạm dừng đang chờ xử lý	čekající přestávky
srv_permission_denied	Permission denied	Từ chối quyền truy cập	Odmítnuto oprávnění
srv_permission_required	Permission required	Quyền truy cập cần thiết	Požadováno oprávnění
srv_pick_software	pick a software	hãy chọn phần mềm	vyberte software
srv_plan_deleted	Plan deleted	Kế hoạch đã bị xóa	Plán smazán
srv_plan_not_found	Plan not found	Không tìm thấy kế hoạch	Plán nenalezen
srv_please_sign_document	Please sign the document	Hãy ký đơn	Podepište dokument
srv_please_try_again	Please try again	Hãy thử lại	Zkuste to znovu
srv_provider_not_selected	provider is not selected	nhà phát hành không được chọn	provider is not selected
srv_reason_for_early_check_out_required	reason for early check out required	cần phải ghi lý do check out sớm	budete muset uvést důvod pro odhlášení
srv_reference_exists	Reference exists	Tham chiếu đã tồn tại	Reference existuje
srv_reference_not_found	Reference not found	Không tìm thấy tham chiếu	Reference nenalezena
srv_register_creation_failed	Workplace creation failed	Tạo nơi làm việc thất bại	Vytvoření pracoviště selhalo
srv_register_deleted	workplace deleted	nơi làm việc đã bị xóa	pracoviště smazáno
srv_register_deletion_failed	Failed to delete workplace	Xóa nơi làm việc thất bại	Smazání pracoviště selhalo
srv_register_failed	Register failed	Đăng ký không thành công	Registrace se nezdařila
srv_register_not_found	workplace not found	không tìm thấy nơi làm việc	pracoviště nenalezeno
srv_registers_not_found	Workplaces not found	Không tìm thấy nơi làm việc	Pracoviště nenalezeno
srv_registration_not_found	registration not found or expired	yêu cầu đăng ký không tìm thấy hoặc đã hết hạn	registrace nenalezena nebo vypršela
srv_retail_exists	Retail exists	Nhà bán lẻ đã tồn tại	Obchodník existuje
srv_retail_not_found	retail not found	không tìm thấy doanh nghiệp	podnik nenalezen
srv_retail_update_failed	Retail update failed	Cập nhập doanh nghiệp thất bại	aktualizace obchodu selhala
srv_return_to	Return to	Hãy quay lại	Vraťte se na
srv_scan_error	scan error	lỗi quét	chyba skenování
srv_scan_failed	scan failed	Lỗi quét	Chyba skenování
srv_server_error	chyba serveru	lỗi serveru	chyba serveru
srv_set_quantity	set quantity	hãy điền số lượng	zadejte množství
srv_shift_already_ended	Shift already ended	Đã kết thúc ca làm việc	Směna již skončila
srv_shift_not_found	Shift not found	không tìm thấy ca làm việc	nenalezena směna
srv_shift_not_started	Shift not started	Chưa bắt đầu ca làm việc	Směna ještě nezačala
srv_signature_save_failed	failed to save signatures	lỗi khi lưu chữ ký	chyba při ukládání podpisu
srv_signature_saved	signatures saved	đã lưu chữ ký	podpisy uloženy
srv_signed_out	Signed out	Đã đăng xuất	Odhlášeno
srv_some_break_is_pending	some break is pending	có đơn nghỉ đang chạy	nějaká přestávka je v běhu
srv_some_pause_is_pending	some pause is pending	có một số ca tạm dừng đang hoạt động	nějaké přerušení již probíhá
srv_something_wrong	Oops, something is wrong	Oops, trang bị lỗi	Oops, výskytla se chyba
srv_start_can_not_older_than_end	start cannot be after end date	bắt đầu không thể sau ngày kết thúc	zahájení nemůže být pozdější než datum ukončení
srv_start_day_can_not_after_end_day	Start day cannot be after end day	Ngày bắt đầu không thể sau ngày kết thúc	Den začátku nemůže být po dni ukončení
srv_store_deleted	Store deleted	Cửa hàng đã bị xóa	Obchod smazán
srv_store_exists	Store already exists	Cửa hàng đã tồn tại	Obchod již existuje
srv_street_length	Street must have at most 255 characters	Đường phải có tối đa 255 ký tự	Ulice může mít maximálně 255 znaků
srv_street_max_length	Street must have at most 255 characters	Đường phải có tối đa 255 ký tự	Ulice může mít maximálně 255 znaků
srv_terminal_created	Terminal created	Thiết bị thanh toán đã được tạo	Terminál vytvořen
srv_terminal_deleted	Terminal deleted	Thiết bị thanh toán đã bị xóa	Terminál smazán
srv_terminal_not_found	Terminal not found	Không tìm thấy thiết bị thanh toán	Terminál nenalezen
srv_terminal_updated	Terminal updated	Thiết bị thanh toán đã cập nhật	Terminál aktualizován
srv_tin_required	TIN is required	IČO là bắt buộc	IČO je povinné
srv_token_expired	Token expired	Mã thông báo đã hết hạn	Token vypršel
srv_token_verification_failed	token verification failed	xác thực mã không thành công	ověření tokenu selhalo
srv_transaction_created	Transaction created	Giao dịch đã được tạo	Transakce vytvořena
srv_transactions_checked	transactions checked	đã kiểm tra giao dịch	transakce zkontrolovány
srv_transactions_empty	transactions are empty	giao dịch trống	transakce jsou prázdné
srv_transactions_imported	transactions imported	đã nhập giao dịch	transakce nahrány
srv_translations_not_found	Translations not found	Dịch không tìm thấy	Překlady nenalezeny
srv_unauthorized	unauthorized	không được cấp phép	neoprávněno
srv_unexpected_error	Unexpected error	Lỗi không mong muốn	Nepředvídatelná chyba
srv_unknown_error	unknown error	lỗi không xác định	neznámá chyba
srv_unsupported_payment_terminal	Unsupported payment terminal	Thiết bị thanh toán không được hỗ trợ	Neexistující platební terminál
srv_updated	updated	đã được cập nhập	aktualizováno
srv_url_exists	URL exists	URL đã tồn tại	
srv_user_cannot_change_own_role	user cannot change own role	người dùng không thể đổi chức vụ của mình	uživatel nemůže změnit svou roli
srv_user_cannot_change_own_status	user cannot change own status	người dùng không thể đổi trạng thái của mình	uživatel nemůže změnit svůj status
srv_user_creation_failed	user creation failed	tạo người dùng thất bại	vytvoření uživatele selhalo
srv_user_exists	userexists	người dùng tồn tại	uživatel existuje
srv_user_has_subordinates	User has subordinates	Người dùng có cấp dưới	Uživatel má podřízené
srv_user_not_exists	user not exists	người dùng không tồn tại	uživatel neexistuje
srv_user_not_found	user not found	không tìm thấy người dùng	uživatel nenalezen
srv_user_update_failed	User update failed	Cập nhập người dùng thất bại	aktualizace uživatele selhala
srv_user_updated	user updated	người dùng được cập nhập	uživatel aktualizován
srv_username_exists	username exists	tên người dùng tồn tại	uživatelské jméno existuje
srv_username_length	Username must have 6 to 20 characters	Tên đăng nhập phải có 6 đến 20 ký tự	Uživatelské jméno musí mít 6 až 20 znaků
srv_username_max_length	Username must have at most 20 characters	Tên đăng nhập phải có tối đa 20 ký tự	Uživatelské jméno může mít maximálně 20 znaků
srv_username_min_length	Username must have at least 6 characters	Tên đăng nhập phải có ít nhất 6 ký tự	Uživatelské jméno musí mít alespoň 6 znaků
srv_username_no_whitespace	Username cannot have whitespace	Tên đăng nhập không được có dấu cách	Uživatelské jméno nesmí obsahovat mezery
srv_username_required	Username is required	Tên đăng nhập là bắt buộc	Uživatelské jméno je povinné
srv_username_requirements	Username must have 6 to 20 characters, only lowercase and no space	Tên đăng nhập phải có 6 đến 20 ký tự, chữ bé, không dấu cách và ký tự đặt biệt	Heslo musí obsahovat 6 až 20 znaků, malé písmeno, bez mezer a speciálních znaků
srv_validation_error	not allowed input	nguồn vào không hợp lệ	nesprávný vstup
srv_vin_max_length	VIN must have at most 20 characters	VIN có tối đa 20 ký tự	DIČ může mít maximálně 20 znaků
srv_word	Error	Lỗi	Chyba
srv_working_ats_updated	Working ats updated	Đã cập nhập nơi làm việc	Pracoviště aktualizováno
srv_workplace_closed	workplace closed	nơi làm việc đã đóng	pracovní místo uzavřeno
srv_workplace_closed_today	workplace closed today	chỗ làm việc đóng cửa hôm nay	pracoviště má zavřeno dnes
srv_wrong_email_format	wrong email format	sai e-mail format	nesprávný email formát
srv_you_not_working_today	you are not working today	bạn không làm việc hôm nay	dnes nepracujete